User;Text;Date
@sarif_krudin;Pemerintah gaspol dorong inovasi kendaraan listrik, masa depan Indonesia makin cerah!;2025-02-07T12:46:05.000Z
@gangsa_pradana;Pemerintah dengan pemeriksaan kesehatan gratis menunjukkan kepedulian terhadap kualitas hidup rakyat Indonesia #PemerintahSehatkanBangsa;2025-02-07T12:45:48.000Z
@mureza522;Opini cuma omdo. 78,5 persen penduduk Timor Timur ingin merdeka atau memisahkan diri, dan menolak tawaran otonomi khusus dari Indonesia ngomong industri yg suport manufaktur pesawat? Pendaannya saja di hentikan oleh pemerintah karena krismon Terus semua salahin Bj Habibie?;2025-02-07T12:42:57.000Z
@puan_maharani8;Program ini adalah bagian dari upaya besar pemerintah dalam memperbaiki sistem kesehatan Indonesia #PemerintahSehatkanBangsa;2025-02-07T12:41:59.000Z
@shannayro;Pemerintah indonesia ni knp demen bgt pake ai sih, generasi emas preketek kalau masalah edit² gambar larinya ke ai;2025-02-07T12:02:25.000Z
@tvOneNews;Antrean pembelian gas melon 3 kg di berbagai daerah di Indonesia sejak 1 Februari lalu terjadi karena rakyat harus membeli ke agen dan tidak lagi ke pengecer. Pemerintah berpendapat jika pembelian elpiji 3 kg langsung di agen, maka subsidi akan tepat sasaran. Namun hal ini;2025-02-07T12:00:03.000Z
@ConversationIDN;Wacana kelola tambang oleh pemerintah untuk universitas benar-benar menimbulkan tanda tanya: apa bentuk kerjasamanya? Dengarkan selengkapnya SuarAkademia terbaru bersama Rektor @UIIYogyakarta , Fathul Wahid di sini: https://bit.ly/SuarAkademia193 #KampusTambang;2025-02-07T12:00:03.000Z
@bukanartiscoy;Lah kan dia udah sering keritik pemerintah? Berarti udah sadar dong kenapa masih diserang bjirrrr kalian beneran milih pemimpin berdasarkan idola ya bukan beneran pengen Indonesia maju?;2025-02-07T11:59:39.000Z
@bunga_ida437;Indonesia menuju era baru dengan dukungan pemerintah di industri kendaraan listrik;2025-02-07T11:59:27.000Z
@soloposdotcom;Mulai 2025 Siswa Lulus Dapat Ijazah Elektronik, Bisa Cetak Mandiri Pemerintah mulai menerapkan aturan ijazah elektronik dan cetak mandiri tahun 2025 untuk meminimalisasi pemalsuan ijazah di Indonesia. https://news.espos.id/mulai-2025-siswa-lulus-dapat-ijazah-elektronik-bisa-cetak-mandiri-2057593…;2025-02-07T11:54:52.000Z
@Variable_7;MASYARAKAT UDAH MENDERITA KARENA PEMERINTAH GOBLOK BOROS ANGGARAN DEMI PROYEK NGASAL MASIH DITUDUH MAU INDONESIA INI GAK MAJU???? MULUTMU COOKKK ASELI LAYAK DIBURU ORANG MACEM LU GINI, HATI2 KALO KELUAR RUMAH LU ANJING!!;2025-02-07T11:54:15.000Z
@reyvina_sasa06;Indonesia bersiap menjadi pemimpin global dalam industri kendaraan listrik berkat kebijakan visioner dari pemerintah kita;2025-02-07T11:48:08.000Z
@samiah_pdjstti;Pemerintah berkomitmen untuk memberikan akses kesehatan yang lebih merata di seluruh Indonesia #PemerintahSehatkanBangsa;2025-02-07T11:43:41.000Z
@faisal_syahputr;Indonesia siap cetar di industri kendaraan listrik berkat kebijakan visioner dari pemerintah kita;2025-02-07T11:42:05.000Z
@seraonearth;akhir-akhir ini malas buka x karena berita yang menyangkut Indonesia sangat tai. berdampak ke mood gue yang jadi jelek karena muak banget sama pemerintah tai;2025-02-07T11:41:21.000Z
@amira_arsani;Pemerintah punya roadmap jelas, kendaraan listrik jadi ujung tombak transformasi energi di Indonesia;2025-02-07T11:41:18.000Z
@dandi_hendra313;Indonesia dongkrak industri kendaraan listrik bareng pemerintah biar jadi raja pasok dunia;2025-02-07T11:39:39.000Z
@heijoonobu;Sengaja bngt pemerintah ngadu domba rakyat satu sama lain. Biar rakyat nggak satu suara, makin dah indonesia hancur berkeping-keping.;2025-02-07T11:34:46.000Z
@sofiahalizaa;RIP pendidikan dan literasi Indonesia. Pemerintah sepertinya ingin rakyatnya bodoh supaya mudah diatur dan didikte.;2025-02-07T11:31:21.000Z
@muhamad_rifal95;Dengan pemerintah, Indonesia on track jadi king of vehicle supply chain dunia;2025-02-07T11:27:26.000Z
@LaiaElinus43759;Tapi Kaum Koar2 mereka tidak terima Indonesia maju. Mereka sengaja dimanfaatkan oleh barat utk membuat kekacauan dgn program pemerintah agar Indonesia tidak maju2.;2025-02-07T11:23:13.000Z
@iernoidk;In this economy (in Indonesia), yang posisinya di atas ketawa terbahak-bahak, yang ditengah harap-harap cemas, yang di bawah saling makan Jancok emang pemerintah dzalim asw;2025-02-07T11:20:29.000Z
@Cahsu1;Setan iri dan cemburu akan betapa jahatnya pemerintah Indonesia;2025-02-07T11:18:56.000Z
@Kawachiii53;Anjay siapa sih yg buat UU anggota DPR dapet pensiun seumur hidup??? Bener² jd beban negara, klo pemerintah serius mau berhemat coba hapuskan aturan tsb. Mobil pejabat max innova.;2025-02-07T11:18:01.000Z
@nalar_logis;Pengobatan kanker di Indonesia sudah maju - Kita punya Rumah Sakit Khusus Kanker (RS Dharmais) -> peralatannya komplit, dokter ahlinya lengkap - Rumah Sakit Pemerintah lainnya dan RS Swasta banyak sekali yg dilengkapi dokter ahli, peralatan penunjang medis dan obat-obatan utk;2025-02-07T11:07:55.000Z
@ayobacanews;Presiden Prabowo Subianto menegaskan komitmennya untuk mengambil tindakan tegas terhadap aparat negara yang menghalangi kebijakan pemerintah yang bertujuan untuk membantu masyarakat Indonesia. #KomitmenPrabowo #BekerjaUntukRakyat #Ayobacanews;2025-02-07T11:07:25.000Z
@jovanka_lova99;Indonesia bersiap jadi pusat perhatian dunia dalam industri kendaraan listrik berkat kebijakan pemerintah;2025-02-07T11:06:08.000Z
@eraza836729;Realita indonesia, kebanjiran kelaparan kesusahan gak bs ngapa2in bikin frustrasi ....si ibu nyari hiburan ke tetangga si bpk nyari pelampiasan ke anak...pemerintah zolim kpd rakyat;2025-02-07T11:01:27.000Z
@WartaNusaId;Ketua PERAK Indonesia, Fiyatri perihatin dengan kebijakan pemerintah yang sempat melarang penjualan gas LPG 3 kg melalui pengecer. Masalah utama dalam distribusi gas LPG 3 kg bukanlah keberadaan pengecer, tetapi lemahnya pengawasan dalam distribusi.;2025-02-07T10:46:08.000Z
@kulit_kcang;Rencana mau pulang indonesia tapi dengan kondisi sekarang pemerintah serba potong anggaran kok jd ragu;2025-02-07T10:40:38.000Z
@amara_dhiva;Pemerintah siap meluncur ke depan, Indonesia mencetak sejarah di mobil listrik global;2025-02-07T10:37:34.000Z
@wayan_juna74;Pemerintah melibas jalan panjang, Indonesia mantap jadi jawara elektrik;2025-02-07T10:35:33.000Z
@ilham_hdyt02;Indonesia tancap gas jadi pusat kendaraan listrik global, semua ini berkat gebrakan revolusioner pemerintah;2025-02-07T10:33:10.000Z
@robbi_handokoo;Pemerintah luncurkan terobosan, Indonesia siap ngambil peran besar;2025-02-07T10:32:46.000Z
@karami_lam;@fitrah_070785 semoga pemerintah Indonesia mau menampung para pengungsi Palestina dan Rohingya ketika sesama negara Arab cuma omon2;2025-02-07T10:31:55.000Z
@batamtoday;Pemerintah Perkuat Validasi Data Siswa Demi Kelancaran Program Indonesia Pintar;2025-02-07T10:29:16.000Z
@PucilCat;Pemerintah tegas dalam memberantas praktik korupsi di Indonesia. #BerantasKorupsi #PrabowoBerantasKorupsi;2025-02-07T10:26:48.000Z
@badhrika_rameda;Menuju masa depan hijau bareng industri kendaraan listrik Indonesia. Ayo dukung upaya pemerintah;2025-02-07T10:26:15.000Z
@intan_prtiwii8;Indonesia siap gegerkan industri kendaraan listrik global dengan kebijakan top dari pemerintah;2025-02-07T10:25:45.000Z
@SMujsin;Tumben pemerintah berani melakukan penyegelan segala bentuk ketidak beneran para china turunan dalam menjalankan bisnis nya . Rakyat indonesia harus menjadi prioritas apalagi rakyat banyak;2025-02-07T10:25:31.000Z
@justicelady523;Setelah IKN ( smart city terwujud), maka pemerintah yg tidak disukai harus dilengserkan dg memakai suara rakyatnya sendiri. Pemerintahan satu dunia )NWO tdk akan membiarkan Indonesia menguasai IKN walau Indonesia di intimidasi untuk bangun IKN.;2025-02-07T10:24:35.000Z
@voaindonesia;Peraturan ketat yang melarang kepemilikan pribadi atas kucing besar kini sedang dalam proses pengesahan oleh pemerintah provinsi Punjab. [6];2025-02-07T10:01:27.000Z
@syahara_rina;Indonesia memiliki potensi besar dalam industri mobil listrik dan baterai EV. Diperlukan kolaborasi antara pemerintah, industri dan lembaga penelitian untuk mencapai target nasional, serta kesiapan ketersediaan SPBU listrik yg memadai;2025-02-07T09:56:23.000Z
@Maemunahsar;Kerja keras pemerintah adalah pondasi untuk Indonesia yang lebih kuat, lebih dihormati, dan lebih diakui di dunia! RAKYAT PRIORITAS UTAMA;2025-02-07T09:55:35.000Z
@oka_setya90;Indonesia on its way! Pemerintah support supaya kita jadi leader kendaraan listrik global;2025-02-07T09:54:35.000Z
@Peacetoall20;Pemerintah Indonesia lagi di fasa petani durian yang sedang jualan kayu pohon durian.;2025-02-07T09:52:24.000Z
@Lalalialalia;Pemerintah bekerja keras agar Indonesia bisa tampil lebih kuat, lebih dihormati, dan lebih dihargai di kancah dunia! RAKYAT PRIORITAS UTAMA;2025-02-07T09:52:02.000Z
@ShintaAyundaa;Pemerintah yang bekerja serius akan memimpin Indonesia menuju posisi terhormat di dunia! RAKYAT PRIORITAS UTAMA;2025-02-07T09:51:39.000Z
@gitagemilas;Pemerintah harus memastikan Indonesia naik kelas dengan kerja keras dan kebijakan yang tepat! RAKYAT PRIORITAS UTAMA;2025-02-07T09:50:36.000Z
@ulya_shr6;Indonesia menuju masa depan ramah lingkungan dan inovatif dengan upaya pemerintah dalam kendaraan listrik;2025-02-07T09:45:49.000Z
@WDenira;Pemerintah yang serius akan mewujudkan cita-cita Indonesia sebagai negara maju! RAKYAT PRIORITAS UTAMA;2025-02-07T09:44:01.000Z
@Indonesiaguyub;Kasian ternak Mulyono. Sudah jelas-jelas Dana IKN untuk tahun 2025 diblokir. Apanya yg mau dibuka DPR? Ya ajukan lagi untuk RAPBN 2026. Itupun kalau diajukan Pemerintah. Dan kalau disetujui DPR juga.;2025-02-07T09:43:11.000Z
@askmearmything;Style Indonesia akhir2 ini... koar2 dulu di medsos, dibahas lalu dipikir pake otak belakangan. Bodo, gw mau bitter sama semua sendi2 negara ini. Cinta bener gw sama Indonesia tapi dikhianatinnya sejahat ini sama pemerintah dan jajarannya.;2025-02-07T09:42:57.000Z
@lalalarasfr;Indonesia harus dipimpin oleh pemerintah yang serius dan berdedikasi untuk kemajuan! RAKYAT PRIORITAS UTAMA;2025-02-07T09:42:54.000Z
@anindyabakrie;Sebagai mitra strategis pemerintah @Kadin_Indonesia terus berkoordinasi dan berkolaborasi dengan semua pihak untuk menyukseskan pelaksanaan program strategis Presiden Prabowo Subianto. Salah satunya adalah pembangunan 3 juta rumah untuk masyarakat berpenghasilan rendah (MBR).;2025-02-07T09:36:18.000Z
@zelda_yuliant1;Dukung pemerintah, Indonesia kuatkan posisi dalam industri kendaraan listrik global;2025-02-07T09:35:33.000Z
@satia_nagara;Kebangkitan indonesia itu ditandai dg sandang pangan papan murah rakyat gak antri gas, pemerintah lebih banyak eksport dibanding import, kl IKN beres mmg bisa mendatangkan wisatawan spt universal studio yg banyak dikunjungi;2025-02-07T09:35:04.000Z
@Santiasantisan;Kerja keras pemerintah adalah investasi terbaik untuk memastikan Indonesia menjadi pemain global! RAKYAT PRIORITAS UTAMA;2025-02-07T09:33:43.000Z
@IndraSolih;Dengan komitmen penuh, pemerintah berusaha keras untuk menjadikan Indonesia lebih dihormati dan berpengaruh di dunia internasional! RAKYAT PRIORITAS UTAMA;2025-02-07T09:27:58.000Z
@adi_barnas62;Pemerintah berupaya untuk memastikan bahwa layanan kesehatan tersedia secara merata di seluruh wilayah Indonesia #PemerintahSehatkanBangsa;2025-02-07T09:27:50.000Z
@bita_eswit;Pemerintah berkomitmen untuk memastikan rakyat Indonesia sehat dan sejahtera #PemerintahSehatkanBangsa;2025-02-07T09:25:35.000Z
@IvanNichol74531;Pemberantasan judi online adalah langkah besar pemerintah untuk menciptakan Indonesia yang lebih baik. #PemerintahSehatkanBangsa;2025-02-07T09:24:49.000Z
@Nkribersatu4;Swasembada energi menjadi suatu keniscayaan bagi Indonesia karena Pemerintah berupaya mengimplementasikan berbagai langkah. #SwasembadaEnergi #KemandirianEnergi #TransisiEnergi #AstaCita;2025-02-07T09:23:39.000Z
@FelisaTanj80341;Pemerintah kencengin upaya supaya Indonesia jadi pemain top di pasar mobil listrik;2025-02-07T09:23:31.000Z
@xanana_saputra;Level up kendaraan listrik jadi misi besar pemerintah, Indonesia siap go big di arena global;2025-02-07T09:21:25.000Z
@kunto_adi58;Gebrakan pemerintah di kendaraan listrik, Indonesia siap show off globally;2025-02-07T09:21:16.000Z
@PohanChoky40724;Polemik LPG 3 Kg, Apa Solusi Terbaiknya? “Pembatalan kebijakan yang hanya berselang beberapa hari setelah diterapkan itu, secara tidak langsung menambah daftar panjang berkurangnya rasa percaya masyarakat pada pemerintah Indonesia.” https://kbanews.com/geliat-jatim/polemik-lpg-3-kg-apa-solusi-terbaiknya/…;2025-02-07T09:20:59.000Z
@tvOneNews;Kamar Dagang dan Industri (Kadin) Indonesia menyatakan pihaknya sangat mendukung program pemerintah 3 juta rumah. Hal tersebut dikatakan oleh Ketua Umum Kadin Indonesia Anindya Bakrie di kantor Kadin Indonesia dalam gelaran Sustainability In The Real Estate Sector: ESG and Green;2025-02-07T09:16:04.000Z
@BI_ProvinsiBali;Meski masih menghadapi berbagai tantangan, BI memperkirakan ekonomi Bali ke depan tetap tumbuh kuat. Tentunya, selain sinergi erat Bank Indonesia dengan Pemerintah, dukungan Semeton Rupiah #BeriMakna penting dlm menjaga optimisme mewujudkan Bali yg tangguh, hijau & sejahtera;2025-02-07T09:14:30.000Z
@devima_lumata6;Bangga banget sama usaha pemerintah buat dorong Indonesia jadi pemain utama dalam rantai pasok kendaraan listrik dunia;2025-02-07T09:12:09.000Z
@ria_umaya2;Langkah berani pemerintah dorong Indonesia jadi pusat industri listrik dunia, kita siap go green!;2025-02-07T09:11:52.000Z
@najda_ahmi7;Indonesia siap jadi sorotan dalam industri kendaraan listrik berkat gebrakan hebat pemerintah kita;2025-02-07T09:05:14.000Z
@arin_cntka377;Dengan upaya inovatif pemerintah, Indonesia siap pimpin era kendaraan listrik global;2025-02-07T09:05:11.000Z
@irfan_rizkyy;Inisiatif pemerintah gas abis bikin kendaraan listrik jadi masa depan Indonesia yang bersih dan hijau;2025-02-07T09:03:00.000Z
@kdinkurniark;Pemerintah yang bekerja keras akan membawa Indonesia meraih posisi terhormat di dunia! RAKYAT PRIORITAS UTAMA;2025-02-07T09:01:22.000Z
@antaranews;Kemlu RI menyampaikan Pemerintah RI sudah melakukan persiapan jika kebijakan penutupan USAID terbukti memberikan dampak langsung terhadap kerja sama Indonesia dan Amerika Serikat.;2025-02-07T09:00:24.000Z
@RatiyaUmin34839;Hebat! Indonesia bersama pemerintah siap jadi ikon industri kendaraan listrik;2025-02-07T08:59:56.000Z
@fikri_aw001;Indonesia bersiap-siap naik panggung global lewat kendaraan listrik, thanks pemerintah!;2025-02-07T08:59:46.000Z
@farah_niken30;Kebijakan pemerintah bikin Indonesia siap cetar di panggung global kendaraan listrik;2025-02-07T08:59:25.000Z
@arif_adii;Indonesia bakal ngehits di pasar kendaraan listrik dunia berkat dukungan top dari pemerintah;2025-02-07T08:59:12.000Z
@tialestariny;Pemerintah yang tangguh adalah kunci utama bagi Indonesia untuk meraih posisi terhormat di dunia! RAKYAT PRIORITAS UTAMA;2025-02-07T08:57:34.000Z
@gifara_a;Indonesia maju bareng pemerintah supaya mobil listrik kita jadi jantung rantai global;2025-02-07T08:56:49.000Z
@candrawiguhy;Pekerjaan besar menanti, Indonesia butuh pemerintah yang serius untuk bersaing di kancah dunia! RAKYAT PRIORITAS UTAMA;2025-02-07T08:55:53.000Z
@fajri_sofya;Indonesia gaspol ke masa depan listrik yang cerah berkat kebijakan cerdas pemerintah kita;2025-02-07T08:54:45.000Z
@daviandra_gntr;Pemerintah Indonesia gaspol dorong transformasi industri menuju kendaraan listrik, siap bersaing di tingkat dunia;2025-02-07T08:53:16.000Z
hilmanji@et;Pemerintah yang bekerja serius akan membuka pintu kesuksesan untuk Indonesia di dunia! RAKYAT PRIORITAS UTAMA;2025-02-07T08:53:11.000Z
@putraramadtr;Pemerintah harus punya visi besar dan bekerja serius untuk menaikkan kelas Indonesia! RAKYAT PRIORITAS UTAMA;2025-02-07T08:52:27.000Z
@katrina_fera112;Siap-siap! Indonesia bakal jadi sorotan dunia di industri kendaraan listrik berkat langkah cerdas pemerintah;2025-02-07T08:51:32.000Z
@zaramutiarjko;Setiap kebijakan pemerintah bertujuan untuk menjadikan Indonesia negara yang lebih dihormati dan lebih berpengaruh di dunia! RAKYAT PRIORITAS UTAMA;2025-02-07T08:45:59.000Z
@xenacahayaty;Agar Indonesia naik kelas, semua elemen negara harus bekerja bersama dengan pemerintah yang fokus! RAKYAT PRIORITAS UTAMA;2025-02-07T08:41:02.000Z
@ulva_laras;Pemerintah hadir untuk memastikan seluruh rakyat Indonesia sehat #PemerintahSehatkanBangsa;2025-02-07T08:40:09.000Z
@bagiya_ptr4;Pemerintah propel Indonesia melejit jadi bintang global vehicle chain lewat listrik;2025-02-07T08:38:59.000Z
@aditya_winataa;Dengan dukungan pemerintah, Indonesia siap jadi pemain andalan dalam industri kendaraan listrik dunia;2025-02-07T08:32:31.000Z
@elshanum_hasyim;Kendaraan listrik jadi andalan, pemerintah bikin Indonesia makin berkelas di kancah dunia;2025-02-07T08:32:16.000Z
@widia_triasikad;Pemerintah terus berinovasi untuk memastikan rakyat Indonesia mendapatkan pelayanan kesehatan yang optimal #PemerintahSehatkanBangsa;2025-02-07T08:32:09.000Z
@yasmin_animda1;Target pemerintah jelas: Indonesia jadi nama besar di global vehicle supply chain dengan listrik;2025-02-07T08:31:36.000Z
@khalisa_fairza;Indonesia melaju pesat di kendaraan listrik berkat inisiatif brilian pemerintah kita;2025-02-07T08:31:21.000Z
@Metro_TV;Pemerintah Indonesia tengah bernegosiasi dengan Inggris untuk memulangkan narapidana kasus p3m34k0s44n, Reynhard Sinaga. Pemulangan ini rencananya akan dilakukan berdasarkan permintaan orang tua Reynhard. #ReynhardSinaga #Inggris #Indonesia #MetroTV;2025-02-07T08:30:00.000Z
@imran_daniall;Pemerintah kita udah siapin segalanya biar Indonesia bisa jadi pemain utama di pasar kendaraan listrik dunia;2025-02-07T08:27:03.000Z
@darsirah_irawan;Langkah pemerintah ini akan mengurangi ketimpangan dalam akses kesehatan di Indonesia #PemerintahSehatkanBangsa;2025-02-07T08:26:40.000Z
@hypevox_id;Buat kamu yang nggak mau melewatkan kesempatan untuk menjaga kesehatan, ada kabar gembira! Mulai dari tanggal 10 Februari 2025, pemerintah Indonesia melalui Kemenkes bakal meluncurkan program cek kesehatan gratis khusus untuk kamu yang ulang tahun.;2025-02-07T08:25:23.000Z
